epoch,time,train/box_loss,train/cls_loss,train/dfl_loss,metrics/precision(B),metrics/recall(B),metrics/mAP50(B),metrics/mAP50-95(B),val/box_loss,val/cls_loss,val/dfl_loss,lr/pg0,lr/pg1,lr/pg2
1,912.554,1.83913,2.40546,2.07282,0.46665,0.48792,0.41272,0.21252,1.6351,2.11426,2.079,0.000555087,0.000555087,0.000555087
2,1604.18,1.427,1.84942,1.75082,0.60699,0.54079,0.517,0.28746,1.69719,2.82945,2.47,0.00109701,0.00109701,0.00109701
